old_path	new_path	old_sha256	new_sha256
src/llm_pathway_curator/contract_v161/registry.py	paper/revision/CRM_R1/experiments/revision_tools/legacy_contract/registry.py	a6778409f44efa3a5b3a3117497024acbf01cabfea936dc692a3521facc2befe	a6778409f44efa3a5b3a3117497024acbf01cabfea936dc692a3521facc2befe
src/llm_pathway_curator/contract_v161/prompt.py	paper/revision/CRM_R1/experiments/revision_tools/legacy_contract/prompt.py	1ad27f786a5aa899cb182d483127f55db1608e3515d35c69f81804370fb5b55d	1ad27f786a5aa899cb182d483127f55db1608e3515d35c69f81804370fb5b55d
src/llm_pathway_curator/contract_v161/checks.py	paper/revision/CRM_R1/experiments/revision_tools/legacy_contract/checks.py	499e48f9d8dd26edb86399729341d84803b4cc1b6e01cbcc899f266081987bc2	499e48f9d8dd26edb86399729341d84803b4cc1b6e01cbcc899f266081987bc2
src/llm_pathway_curator/contract_v161/runtime.py	paper/revision/CRM_R1/experiments/revision_tools/legacy_contract/runtime.py	3042cab0142ef3cb1bd3ab0972e02669608fb7d00004489f4a7b09670283cd2a	3042cab0142ef3cb1bd3ab0972e02669608fb7d00004489f4a7b09670283cd2a
src/llm_pathway_curator/contract_v161/__init__.py	paper/revision/CRM_R1/experiments/revision_tools/legacy_contract/__init__.py	5c9c5ef963ac22ae8780773b464492134e26f3e964b8702e89c2b88ff9a668e1	5c9c5ef963ac22ae8780773b464492134e26f3e964b8702e89c2b88ff9a668e1
src/llm_pathway_curator/contract_v161/structured.py	paper/revision/CRM_R1/experiments/revision_tools/legacy_contract/structured.py	44a75f09985cffa3e8e1c79cb8581436321d06939ea1c61fad38b5b7884515de	44a75f09985cffa3e8e1c79cb8581436321d06939ea1c61fad38b5b7884515de
src/llm_pathway_curator/contract_v161/text_checks.py	paper/revision/CRM_R1/experiments/revision_tools/legacy_contract/text_checks.py	c7abfc174da48f994d2a4e01418d0a84cf5fe5cd55bb8f788a9ab0208416418e	c7abfc174da48f994d2a4e01418d0a84cf5fe5cd55bb8f788a9ab0208416418e
src/llm_pathway_curator/contract_v161/models.py	paper/revision/CRM_R1/experiments/revision_tools/legacy_contract/models.py	5a93d92fcf4f846d0a583fc7996be2c67687bc9702373d8f855cbaeb95a6c0c8	5a93d92fcf4f846d0a583fc7996be2c67687bc9702373d8f855cbaeb95a6c0c8
src/llm_pathway_curator/contract_v17/atomic.py	paper/revision/CRM_R1/experiments/revision_tools/atomic_review/atomic.py	2f735cb2c37662c945c7f0f40390cc4e11517925827e40867f33ccbc9b4d3441	6c49f59f6dd98333911bbf1e3d61289974a5c23444efbe1c5bcd9065694061fc
src/llm_pathway_curator/contract_v17/__init__.py	paper/revision/CRM_R1/experiments/revision_tools/atomic_review/__init__.py	729a03db39834e74fed380ae734e885b793cbf03e2ff5735a4c1981fe4606477	729a03db39834e74fed380ae734e885b793cbf03e2ff5735a4c1981fe4606477
src/llm_pathway_curator/claim_locator_r04/runtime.py	paper/revision/CRM_R1/experiments/revision_tools/source_locator/runtime.py	34595d7d4d1e75e50d6407a5d7bfd01086c5ba5cdd8c79ff049a4e50e5f65631	635bff4863919cdd6dd70f0c02aaff575a07a73c1814281122f7145d11e404f0
src/llm_pathway_curator/claim_locator_r04/__init__.py	paper/revision/CRM_R1/experiments/revision_tools/source_locator/__init__.py	bef46eadceb146e166142ada5b56e122c6e51454cc4e98ddc749e3b0dae960c4	bef46eadceb146e166142ada5b56e122c6e51454cc4e98ddc749e3b0dae960c4
src/llm_pathway_curator/claim_locator_r04/locator.py	paper/revision/CRM_R1/experiments/revision_tools/source_locator/locator.py	5a3f5a5ff11c5402bda054cfbd936b3981062e7ee58322bc7774599fee1d89a3	28dd24180bbe5c1cf6e2d6e8709287f84c92402fc086d6e4359629d3eb71ab7f
src/llm_pathway_curator/contract_pipeline.py	paper/revision/CRM_R1/experiments/revision_tools/legacy_pipeline.py	6f3e987a22a3748b739a0fc2634105f2822acbe584910f8558a76f44d994e42d	b421e19ec97a47c3e9570efd38545f6356822998cc1e6b7a4dfe9a34374a3403
paper/revision/CRM_R1/V11_WORKFLOW.md	paper/revision/CRM_R1/archive/V11_WORKFLOW.md	fe69fe1fbc5d99beaaee7611bcd27ce08fe2fa1a1e1318489e0fc6a9ece0c87a	fe69fe1fbc5d99beaaee7611bcd27ce08fe2fa1a1e1318489e0fc6a9ece0c87a
paper/revision/CRM_R1/FIGURE4_LEGEND_DRAFT.md	paper/revision/CRM_R1/archive/FIGURE4_LEGEND_DRAFT.md	b0d2274385e0527dea2a407b6dc4f98dc4559b9b4f98d35bcfa673c51f8a84ef	b0d2274385e0527dea2a407b6dc4f98dc4559b9b4f98d35bcfa673c51f8a84ef
paper/revision/CRM_R1/ANALYSIS_PLAN.md	paper/revision/CRM_R1/archive/ANALYSIS_PLAN.md	0819c6ef751da521eab31f221db4fe4589216f77b0e885c1720a11ad1c923f3e	0819c6ef751da521eab31f221db4fe4589216f77b0e885c1720a11ad1c923f3e
paper/revision/CRM_R1/V15_1_PROVENANCE_CORRECTION.md	paper/revision/CRM_R1/archive/V15_1_PROVENANCE_CORRECTION.md	8508ab912c94473f1797b06fbfc3d8e3c42e84222306fe48d09ef1f0e8f21df7	8508ab912c94473f1797b06fbfc3d8e3c42e84222306fe48d09ef1f0e8f21df7
paper/revision/CRM_R1/R02_FINDINGS.md	paper/revision/CRM_R1/archive/R02_FINDINGS.md	103670bbac4864ef8c749be23703440a37d23f58630f3c2f7661edb1d7358a1c	103670bbac4864ef8c749be23703440a37d23f58630f3c2f7661edb1d7358a1c
paper/revision/CRM_R1/R07_NATURAL_TEXT_COMPARISON.md	paper/revision/CRM_R1/archive/R07_NATURAL_TEXT_COMPARISON.md	0c4a64866fa7a6e10dbc1f229c444680eb1bbbd46c7ceae52abd572a00c2d4f7	0c4a64866fa7a6e10dbc1f229c444680eb1bbbd46c7ceae52abd572a00c2d4f7
paper/revision/CRM_R1/V17_WORKFLOW.md	paper/revision/CRM_R1/archive/V17_WORKFLOW.md	5923729643fd28163d51ba02fe2a1dd6fb5a4025e1554dce86bbbd8263a03d0b	5923729643fd28163d51ba02fe2a1dd6fb5a4025e1554dce86bbbd8263a03d0b
paper/revision/CRM_R1/R06_P4_REUSE.md	paper/revision/CRM_R1/archive/R06_P4_REUSE.md	d02e8e3e6a39c5ba714acb51409e3fc9ebe1fe7938186b1c82786321d80b66f4	d02e8e3e6a39c5ba714acb51409e3fc9ebe1fe7938186b1c82786321d80b66f4
paper/revision/CRM_R1/V15_DIAGNOSTICS.md	paper/revision/CRM_R1/archive/V15_DIAGNOSTICS.md	eb73a511d3680607087f737dde392502910373cf804fb3f6bb56a94447a18120	eb73a511d3680607087f737dde392502910373cf804fb3f6bb56a94447a18120
paper/revision/CRM_R1/R03_DEVELOPMENT.md	paper/revision/CRM_R1/archive/R03_DEVELOPMENT.md	721eda746f0892ab7799942226985410f3a2302b0b8777583456e5e0ad932cb2	721eda746f0892ab7799942226985410f3a2302b0b8777583456e5e0ad932cb2
paper/revision/CRM_R1/V15_CORRECTION_AND_VALIDATION_PLAN.md	paper/revision/CRM_R1/archive/V15_CORRECTION_AND_VALIDATION_PLAN.md	410260ba81eb8892da0978de8a39dc757b037defc7e345d766d2628288848499	410260ba81eb8892da0978de8a39dc757b037defc7e345d766d2628288848499
paper/revision/CRM_R1/V15_1_VALIDATION_PLAN.md	paper/revision/CRM_R1/archive/V15_1_VALIDATION_PLAN.md	01fa4997d8bfc45a754b31ff74d6665f06cf4ea5e0c8355c2585350b10931ac9	01fa4997d8bfc45a754b31ff74d6665f06cf4ea5e0c8355c2585350b10931ac9
paper/revision/CRM_R1/R04_DEVELOPMENT.md	paper/revision/CRM_R1/archive/R04_DEVELOPMENT.md	ae63ea0efd3278bae0cd652f67c41647af6c72e7be859b7fc41a378bc49f0da6	ae63ea0efd3278bae0cd652f67c41647af6c72e7be859b7fc41a378bc49f0da6
tests/test_crm_r1_v15_1_provenance.py	paper/revision/CRM_R1/tests/test_crm_r1_v15_1_provenance.py	8ced18fc2bd0ed1d662bae020d82a1d2dab391dcb6c268c38e07c7becde34c23	0ad298bff0d5f59e9f05c0df01f0a0f1d6ff0f4c31aeaf5595fa4174e4971dfd
tests/test_crm_r1_v17_r06_bundle.py	paper/revision/CRM_R1/tests/test_crm_r1_v17_r06_bundle.py	49b3f15f44d08beb76fef4af2d4e894cbcc8cbcd776af5eba21bd29129768caf	8d729cdd7ea4b245d3abcbde55daaf7e8b761d1764800cc86c31252d24625855
tests/test_crm_r1_priority1_v6_validation.py	paper/revision/CRM_R1/tests/test_crm_r1_priority1_v6_validation.py	71ac3f486e8ad49368bd54aa4e62d01cd7d9c40b264a15994cf5d875e810f4cf	f3bbb73f4073c965ba223733a3b3c949d6e19cd81feab0a83a6ecfe1a7da085d
tests/test_crm_r1_priority1_v7_figure4.py	paper/revision/CRM_R1/tests/test_crm_r1_priority1_v7_figure4.py	4b6d25796ae7c6246d7481e797c26eeb3ab60d58797a6aa33f3fd33767d2f478	e39476364d21fcaf60e10e608c891335a6b35bd9755faafc5bc851972c70feae
tests/test_crm_r1_v17_r04.py	paper/revision/CRM_R1/tests/test_crm_r1_v17_r04.py	7bbe8c30398d60fb9c787c5fe0ae8e37c49e5b109deea163004cabedb39da41b	67d04cc711554a64d96ed8335248d8eacaedabb3bb80f411a8ec4b25552163c4
tests/test_crm_r1_external_dex.py	paper/revision/CRM_R1/tests/test_crm_r1_external_dex.py	aa0191721de3a367a1966944f1079a329318cc92933b2f92b9298507d51e750e	4b980356da8f419333295b34456424eb1c7536832f16f15803d8fb48d38c8d8f
tests/test_crm_r1_submission_assembly.py	paper/revision/CRM_R1/tests/test_crm_r1_submission_assembly.py	2e611865266ddeaf17d2f3de4a00756e86b687071c84de382c7b7f5621209c06	550f0c5eb2b4ec24006f8c47a2a065ed9dba08388f87ecb82d227c03acb9cc8c
tests/test_crm_r1_v17_r07.py	paper/revision/CRM_R1/tests/test_crm_r1_v17_r07.py	f72b64e4ebf5714c1b299b4fb86025c20ba8d06cd1d108c517952433b5a76606	4226894367efc5a8748bb64de3469836160ae45cac0906bff33b57ebaa94b37a
tests/test_crm_r1_priorities2_5_v8_scaffold.py	paper/revision/CRM_R1/tests/test_crm_r1_priorities2_5_v8_scaffold.py	1c29276ac91ee8dda203bd2bfa12d402adf7806862c57333da46f44fb185d99f	0f363ae56749894419c1f323d4bd0857cdcb6b13c95dcee03904d232af757c00
tests/test_crm_r1_external_dex_report.py	paper/revision/CRM_R1/tests/test_crm_r1_external_dex_report.py	32fe9d358ba9556b606ba45ddfe601f4ccfd64fcfdf6e312b4d72dcabe422406	085982796c3be157da79f18d0003d39f276b517e854d80f02183959cbfd8a658
tests/test_crm_r1_submission_report.py	paper/revision/CRM_R1/tests/test_crm_r1_submission_report.py	ef7e6f58ee6f4297720cf47832f187f80b704f63f53b3e60d4b6d55e5d1e848c	fa740c0bac79c45a2be97b933e2707cbfadf284dd77691e9d7965db12b58c068
tests/test_crm_r1_priority5_v10.py	paper/revision/CRM_R1/tests/test_crm_r1_priority5_v10.py	17bb84e0eb58b6c83ec774d4c02cf1a726bf700c2764e95dffb0beb1d2e8ffac	c00e7b4c9aeaba5480fd454a51ab115e4534c57c90d6ec4646cffbd4976234ec
tests/test_crm_r1_v17_r06.py	paper/revision/CRM_R1/tests/test_crm_r1_v17_r06.py	f65838180b09dc15aad47f77c38ce885fba0c806f0d1a80ba34f9e5afde87b24	366de6bc28ceca07afdbb6ae89a64e4d4ab7691be6d36ec3bef08cee59b5118b
tests/test_crm_r1_v17_r02.py	paper/revision/CRM_R1/tests/test_crm_r1_v17_r02.py	5ed6d797768eedbbb76a48378319d5dbe51baec8ae7b944e25e274407b10e102	fd7f77fe7c3aa931d13b76a6dc8a9ec286a8bf7b07f655ce0d2d5580415eff27
tests/test_crm_r1_priority1_v5_freeze.py	paper/revision/CRM_R1/tests/test_crm_r1_priority1_v5_freeze.py	bf72e3ff463d97b6e027c084eec3ddcf7e95163f0e670929c843f6d7d030e705	11955ef561cbc96b43dd10926ad8b93ec80ba882dcb45aa13283880c3b5eec87
tests/test_crm_r1_v17_bundle.py	paper/revision/CRM_R1/tests/test_crm_r1_v17_bundle.py	75a9122ac75d3005160f3ff04f1b09c523cfe508b20db2c49764fceb6a006d53	9bbd105ea2fbede8eb52d259df2c7c7218bb9049f083090c13b8caed4a7a2dee
tests/test_crm_r1_priority1_v4_scaffold.py	paper/revision/CRM_R1/tests/test_crm_r1_priority1_v4_scaffold.py	cbd4645f6254f41c18c10046caf0b94c917dfb46b87aded0026998fcfa212c91	8b413b76f2aee6eea21fbe8b99e42f81a6115fa1b20c1326be3bb84f1c8f7db3
tests/test_crm_r1_v16_1_integration.py	paper/revision/CRM_R1/tests/test_crm_r1_v16_1_integration.py	e21d80ac99e5101544cc26411f79a041468fa0d98477ebb9a94cc9073a66d516	bd413da011bfbdafe5b43aaa6e47542a480d9d783363e43c64b0b080934314bf
tests/test_crm_r1_v17_preflight.py	paper/revision/CRM_R1/tests/test_crm_r1_v17_preflight.py	52d3d9b0830ef2c96527b3a94bc2ff7cbdb4f30a1c2f42509d12a2d898aa9fe0	29d29ce953bee97c0ba4869691fad5dc1ebc7831f236d0548253b636efcb6d88
tests/test_crm_r1_v17_r07_bundle.py	paper/revision/CRM_R1/tests/test_crm_r1_v17_r07_bundle.py	40364f578ecbd681713cee7692bb87a89ca0160b6e4be09c6408c848de76a07d	40364f578ecbd681713cee7692bb87a89ca0160b6e4be09c6408c848de76a07d
tests/test_crm_r1_v11_rating_figure2.py	paper/revision/CRM_R1/tests/test_crm_r1_v11_rating_figure2.py	5abc9d108c36bec3f363f59a9544fc0e2f2646401fccd99d46a994b3bf76aa0f	3804e6aea6d5b8d3b05b7d520a3e50cb8d75a18e4b7614df745b2ccd139146e8
tests/test_crm_r1_priorities3_4_v9.py	paper/revision/CRM_R1/tests/test_crm_r1_priorities3_4_v9.py	e03d7b89b728c5ae78736215384f59e28c864f307b70864746786465323b40a9	d3d6edc04cb5f9f09133d1f242b569305542190a652d23e76819505908b11cbb
tests/test_crm_r1_v15_diagnostics.py	paper/revision/CRM_R1/tests/test_crm_r1_v15_diagnostics.py	15c19778d76da01736fb5a44b544124dbd6c83bda785948e18cbcbe5e5594e44	d70509fced4865e06ecfee57f9e4faaf81a84d5348fe5a226ebe9d6b24e4d17a
tests/test_crm_r1_v17_r03.py	paper/revision/CRM_R1/tests/test_crm_r1_v17_r03.py	66887c8b07169257b9158604bf053bad1d9ac9a69af8b05dca5e0db799bd5d76	ff56dbc2ef8fc2e9958e08c37133c7b6655dc0469906b46219acd713c750ba4c
tests/fixtures/crm_r1_v16_1/cases_v161.json	paper/revision/CRM_R1/fixtures/development_controls/cases_v161.json	ebf76f4e9c1d748ebbe7380131026db4ccecb9aabfced68fc6c1dda913d21e75	ebf76f4e9c1d748ebbe7380131026db4ccecb9aabfced68fc6c1dda913d21e75
tests/fixtures/crm_r1_v16_1/regression_v1601.json	paper/revision/CRM_R1/fixtures/development_controls/regression_v1601.json	8a30cc09e55fa9099f73e784059000082b3cc2e117012cc4d17d856ef8c38c8e	8a30cc09e55fa9099f73e784059000082b3cc2e117012cc4d17d856ef8c38c8e
paper/revision/CRM_R1/scripts/README.md	paper/revision/CRM_R1/archive/SCRIPT_MAP.md	2733a151ddc487626c5e36675a0cd4d0e1035060f2f3d9155462e0a697408425	2733a151ddc487626c5e36675a0cd4d0e1035060f2f3d9155462e0a697408425
